title,stock,categories
[HG] 00 Gundam Seven Sword/G,In stock,[HG] High Grade
[1/100] Calamity Gundam (Full Mechanics),Only 1 left in stock,"[1/100] No Grade & RE, PO"
[1/48] MS-06S Zaku II – Char Aznable use (Mega Size),Only 1 left in stock,[1/48] Mega Size
30mm Customize Effect – Slash Image Ver. – Blue,In stock,Action Base & Misc.
30mm Customize Effect – Slash Image Ver. – Green,In stock,Action Base & Misc.
3D Embossing Tape for Lining – Black – Dymo / Cidy,In stock,Tools
3M Softback Sanding Sponge – Fine,In stock,Tools
3M Softback Sanding Sponge – Micro Fine,In stock,Tools
3M Softback Sanding Sponge set 4pcs – Fine | Super | Ultra | Micro,In stock,Tools
3M Softback Sanding Sponge – Super Fine,In stock,Tools
3M Softback Sanding Sponge – Ultra Fine,In stock,Tools
Action Base 1 – Black,In stock,Action Base & Misc.
Action Base 1 – Clear,In stock,Action Base & Misc.
Action Base 1 – Gray,In stock,Action Base & Misc.
Action Base 1 – White,In stock,Action Base & Misc.
Action Base 2 – Black,In stock,Action Base & Misc.
Action Base 2 – Clear Blue,In stock,Action Base & Misc.
Action Base 2 – Gray,In stock,Action Base & Misc.
Action Base 2 – Sparkle Green,In stock,Action Base & Misc.
Action Base 2 – Sparkle Red,In stock,Action Base & Misc.
Action Base 4 – Clear,In stock,Action Base & Misc.
Action Base 5 – Black,In stock,Action Base & Misc.
Action Base 5 – Clear,In stock,Action Base & Misc.
Airbrush System for Gundam Marker,In stock,Tools
Atra Mixta – Official IBO Chara Key Chain,Only 1 left in stock,Collectibles
Bandai Spirits Build Up Nipper,In stock,Tools
Bandai Spirits Entry Nipper – Blue,In stock,Tools
Bandai Spirits Entry Nipper – Red,Only 1 left in stock,Tools
Bandai Spirits Entry Nipper – White,In stock,Tools
[Converge] Aile Strike Gundam – Vol. #20 | No. 236,In stock,Gundam Converge
[Converge] Bolinoak Sammahn,In stock,Gundam Converge
[Converge] Crossbone Gundam X-0 / X0 – Vol. #20 | No. 239,In stock,Gundam Converge
[Converge] Doven Wolf,In stock,Gundam Converge
[Converge] Duel Gundam – Vol. #20 | No. 237,In stock,Gundam Converge
[Converge] Gaplant,Only 1 left in stock,Gundam Converge
[Converge] Gerbera Tetra,Only 1 left in stock,Gundam Converge
[Converge] GM Command – #18,Only 1 left in stock,Gundam Converge
[Converge] Gogg – #16,Only 1 left in stock,Gundam Converge
[Converge] Gun Blaster – #18,Only 1 left in stock,Gundam Converge
[Converge] Guncannon Mass Production – Vol. #20 | No. 240,In stock,Gundam Converge
[Converge] Gundam Geminass 01 – #18,Only 1 left in stock,Gundam Converge
[Converge] Rick Dom Zwei – Vol. #20 | No. 241,In stock,Gundam Converge
[Converge] Second Victory Gundam / Second V – Vol. 20 | No. 238,Only 1 left in stock,Gundam Converge
[Converge] Victory Two Gundam – #18,In stock,Gundam Converge
[Converge] ZGok / Z’Gok (Char Aznable use) – #15,Only 1 left in stock,Gundam Converge
[Converge] ZGok / Z’Gok (mass production ver.) – #17,In stock,Gundam Converge
DSPIAE Adhesive Sanding Paper – Amplas Kertas / Sand Paper,In Stock,Tools
DSPIAE AL-1 Antirust Oil,In stock,Tools
DSPIAE Carving Guide Tape – 30m,In Stock,Tools
DSPIAE Large Sanding Board Stick – 3pcs (Papan Amplas Aluminium Alloy),In Stock,Tools
DSPIAE Small Sanding Board Stick – 4pcs (Papan Amplas Aluminium Alloy),In Stock,Tools
DSPIAE ST-A 3.0 Single Blade Nipper,In stock,Tools
Ein Dalton – Official IBO Chara Key Chain,Only 1 left in stock,Collectibles
[Entry Grade] Kamen Rider Saber,In stock,Non Scale
[Entry Grade] RX-78-2 Gundam,In stock,Non Scale
FA-78-1 Full Armor Gundam Head – Exceed Model,Only 1 left in stock,Collectibles
[Figure Rise] Black Metalgarurumon (Standard Amplified),In Stock,"Digimon, PO"
[Figure Rise] Black Wargreymon (Amplified),Only 1 left in stock,Non Scale
[Figure Rise] Dukemon / Gallantmon (Standard Amplified),In Stock,"Digimon, PO"
[Figure Rise] Imperialdramon / Imperial Dramon (Amplified),In Stock,"Digimon, Non Scale"
[Figure Rise] Machinedramon / Mugendramon (Standard Amplified),In Stock,Digimon
Figure-rise Standard Yuuki Asuna – SAO,Only 1 left in stock,Non Scale
FW Gundam Converge Another Century Set 10th Anniversary (PBandai),In stock,"Gundam Converge, PO"
FW Gundam Converge Universal Century Set 10th Anniversary (PBandai),In stock,"Gundam Converge, PO"
[GFrame] Gelgoog Armor & Frame Set – Vol. 08 / 8,Only 1 left in stock,GFrame
[GFrame] Gelgoog (Char use) Armor & Frame set – Vol. 04 / 4,Only 1 left in stock,GFrame
[GFrame] Gundam Ground Type Armor & Frame Set – Vol. 06 / 6,Only 1 left in stock,GFrame
[GFrame] MSN-06S Sinanju Armor & Frame Set – Vol. 09 / 9,Only 1 left in stock,GFrame
[GFrame] RGM-79 GM Armor & Frame Set – Vol. 09 / 9,In stock,GFrame
[GFrame] RX-77-2 Guncannon Armor & Frame Set – Vol. 06 / 6,Only 1 left in stock,GFrame
[GFrame] RX-78-4 Gundam Unit 4 G04 Armor & Frame Set – Vol. 07 / 7,In stock,GFrame
[GFrame] RX-79[G] Gundam EZ8 Armor & Frame Set – Vol. 08 / 8,Only 1 left in stock,GFrame
[GFrame] RX-93 Nu Gundam Armor & Frame Set – Vol. 01 / 1,Only 1 left in stock,GFrame
Gorirander / Rillaboom – Pokemon Scale World Galar (PBandai),Only 1 left in stock,Pokemon
GP Base,In stock,Action Base & Misc.
Green & Arcanine – Pokemon Scale World (PBandai),In Stock,"PO, Pokemon"
Gundam Exia Repair IV – Metal Build,Only 1 left in stock,[MB] Metal Build
Gundam Marker Black (GM10),In stock,[GM] Gundam Marker
Gundam Marker Blue (GM06),In stock,[GM] Gundam Marker
Gundam Marker Brush Type – Black (GM20),In stock,[GM] Gundam Marker
Gundam Marker Brush Type – Gray (GM21),In stock,[GM] Gundam Marker
Gundam Marker Eye Green (GM09),In stock,[GM] Gundam Marker
Gundam Marker GM-303 Pour Type For Panel Line – Brown,In stock,[GM] Gundam Marker
Gundam Marker Grey (GM12),In stock,[GM] Gundam Marker
Gundam Marker Mecha Gray (GM13),In stock,[GM] Gundam Marker
Gundam Marker Metallic – Meta Blue (GM17),In stock,[GM] Gundam Marker
Gundam Marker Metallic – Meta Green (GM18),In stock,[GM] Gundam Marker
Gundam Marker GM-302 Pour Type for Panel Line – Grey,In stock,[GM] Gundam Marker
Gundam Marker Real Touch – Blurring Pen (GM400),In stock,[GM] Gundam Marker
Gundam Marker Real Touch – Brown 1 (GM407),In stock,[GM] Gundam Marker
Gundam Marker Real Touch – Gray 2 (GM402),In stock,[GM] Gundam Marker
Gundam Marker Real Touch – Gray 3 (GM406),In stock,[GM] Gundam Marker
Gundam Marker Real Touch – Red 1 (GM404),In stock,[GM] Gundam Marker
Gundam Marker Real Touch Set 1,In stock,[GM] Gundam Marker
Gundam Marker Real Touch Set 2,In stock,[GM] Gundam Marker
Gundam Marker Red (GM07),In stock,[GM] Gundam Marker
Gundam Marker Set – Advance,In stock,[GM] Gundam Marker
Gundam Marker Set (Ultra Thin Pen Point) for Lining – Grey & Brown (GM02 + GM03),In stock,[GM] Gundam Marker
Gundam Marker (Ultra Thin Pen Point) for Lining – Brown (GM03),In stock,[GM] Gundam Marker
Gundam Marker (Ultra Thin Pen Point) for Lining – Grey (GM02),In stock,[GM] Gundam Marker
Gundam Marker White (GM11),In stock,[GM] Gundam Marker
Gundam Marker Yellow (GM08),In stock,[GM] Gundam Marker
[HaroPla] Haro Control Blue,In stock,Non Scale
[HaroPla] Haro Diva Red,In stock,Non Scale
[HaroPla] Haro Loader,Only 1 left in stock,Non Scale
[HaroPla] Haro Shooting Orange,In stock,Non Scale
[HaroPla] Harofitter / Haro Fitter,In stock,Non Scale
[HG] 00 Raiser Designer Color Ver.,Only 1 left in stock,[HG] High Grade
[HG] 00 Raiser (GN Condenser Type),In stock,[HG] High Grade
[HG] 00 Raiser + GN Sword III,In stock,[HG] High Grade
[HG] Aile Strike Gundam (HGCE),In stock,[HG] High Grade
[HG] Alus Earthree Gundam,Only 1 left in stock,[HG] High Grade
[HG] AMS-119 Geara Doga,Only 1 left in stock,[HG] High Grade
[HG] AMS-129 Geara Zulu (Guards Type),Only 1 left in stock,[HG] High Grade
[HG] Aun Rize Armor,In stock,[HG] High Grade
[HG] Base Jabber (Unicorn Ver.),Only 1 left in stock,[HG] High Grade
[HG] Build Strike Gundam Full Package,Only 1 left in stock,[HG] High Grade
[HG] CGUE Type DEEP Arms,Only 1 left in stock,[HG] High Grade
[HG] Changeling Rifle,In stock,[HG] High Grade
[HG] Core Gundam & Marsfour Unit,In stock,[HG] High Grade
[HG] Core Gundam & Veetwo Unit,In stock,[HG] High Grade
[HG] Crossbone Gundam X1,Only 1 left in stock,[HG] High Grade
[HG] Danazine,Only 1 left in stock,[HG] High Grade
[HG] Destiny Gundam (HGCE),In stock,[HG] High Grade
[HG] Dreadnought Gundam,Only 1 left in stock,[HG] High Grade
[HG] Earthree Gundam,In stock,[HG] High Grade
[HG] Extreme Gundam,In stock,[HG] High Grade
[HG] Fake Nu Unit,Only 1 left in stock,[HG] High Grade
[HG] Force Impulse Gundam,In stock,[HG] High Grade
[HG] Freedom Gundam (35th Revive),In stock,[HG] High Grade
[HG] G-Exes,In stock,[HG] High Grade
[HG] G Xiphos,Only 1 left in stock,[HG] High Grade
[HG] GM Custom,In stock,[HG] High Grade
[HG] GM Ground Type,Only 1 left in stock,[HG] High Grade
[HG] GM Striker,Only 1 left in stock,[HG] High Grade
[HG] GM/GM,Only 1 left in stock,[HG] High Grade
[HG] GNT-0000 00 Qan[T] (QanT / Quanta),In stock,[HG] High Grade
[HG] God Gundam,In stock,[HG] High Grade
[HG] Gouf Custom,In stock,[HG] High Grade
[HG] Ground Gundam Type S (Gundam Thunderbolt Anime ver.),Only 1 left in stock,[HG] High Grade
[HG] Gundam 00 Shia Qan[T] (QanT / Quanta),Only 1 left in stock,[HG] High Grade
[HG] Gundam 00 Sky Moebius,In stock,[HG] High Grade
[HG] Gundam Aegis Knight,In stock,[HG] High Grade
[HG] Gundam AGE 1 Full Glansa,In stock,[HG] High Grade
[HG] Gundam AGE 1 Normal,In stock,[HG] High Grade
[HG] Gundam AGE 1 Titus,In stock,[HG] High Grade
[HG] Gundam AGE 2 Dark Hound,In stock,[HG] High Grade
[HG] Gundam AGE 2 Double Bullet,In stock,[HG] High Grade
[HG] Gundam AGE 2 Normal,Only 1 left in stock,[HG] High Grade
[HG] Gundam AGE 3 Normal,Only 1 left in stock,[HG] High Grade
[HG] Gundam AGE FX,In stock,[HG] High Grade
[HG] Gundam Amazing Exia,In stock,[HG] High Grade
[HG] Gundam Anima Rize,In stock,[HG] High Grade
[HG] Gundam Astaroth,In stock,[HG] High Grade
[HG] Gundam Astraea,In stock,[HG] High Grade
[HG] Gundam Astraea Type F,In stock,[HG] High Grade
[HG] Gundam Astray Blue Frame Second L,In stock,[HG] High Grade
[HG] Load Astray Double Rebake,In stock,[HG] High Grade
[HG] Gundam Avalanche Exia,In stock,[HG] High Grade
[HG] Gundam Barbatos,In stock,[HG] High Grade
[HG] Gundam Barbatos Lupus,Only 1 left in stock,[HG] High Grade
[HG] Gundam Deathscythe (HGAC),In stock,"[HG] High Grade, PO"
[HG] Gundam Dynames,In stock,[HG] High Grade
[HG] Gundam Exia,In stock,[HG] High Grade
[HG] Gundam Exia Dark Matter,In stock,[HG] High Grade
[HG] Gundam F91,In stock,[HG] High Grade
[HG] Gundam Fenice Rinascita,In stock,[HG] High Grade
[HG] Gundam G Else,Only 1 left in stock,[HG] High Grade
[HG] Gundam G-Else [Before] (PBandai),Only 1 left in stock,"[HG] High Grade, P-Bandai & Limited Ed."
[HG] Gundam G-Self Atmospheric Pack,Only 1 left in stock,[HG] High Grade
[HG] Gundam G-Self Perfect Pack,In stock,[HG] High Grade
[HG] Gundam GP Rase Two Ten,In stock,[HG] High Grade
[HG] Gundam GP02A (Type MLRS),In stock,[HG] High Grade
[HG] Gundam Ground Type – Revive,Only 1 left in stock,[HG] High Grade
[HG] Gundam Hajiroboshi,In stock,[HG] High Grade
[HG] Gundam Harute,In stock,[HG] High Grade
[HG] Gundam Heavyarms / Heavy Arms (HGAC),In stock,[HG] High Grade
[HG] Gundam Kyrios,In stock,[HG] High Grade
[HG] Gundam Legilis,Only 1 left in stock,[HG] High Grade
[HG] Gundam Marchosias,In stock,[HG] High Grade
[HG] Gundam Nadleeh,In stock,[HG] High Grade
[HG] Gundam Narrative C Packs,Only 1 left in stock,[HG] High Grade
[HG] Gundam Plutone (PBandai),Only 1 left in stock,"[HG] High Grade, P-Bandai & Limited Ed."
[HG] Gundam Schwarz Ritter,In stock,[HG] High Grade
[HG] Gundam Shining Break,In stock,[HG] High Grade
[HG] Gundam Tertium,In stock,[HG] High Grade
HG Gundam The Origin Multiuse Series 3 Bandai Water Decal,Only 1 left in stock,Decal
[HG] Gundam Throne Eins,In stock,[HG] High Grade
[HG] Gundam Try Age Magnum,In stock,[HG] High Grade
[HG] Gundam Virtue,In stock,[HG] High Grade
[HG] Gundam Virtue – Trans Am,In stock,[HG] High Grade
[HG] Gundam Zabanya,In stock,[HG] High Grade
[HG] Gunpla Starter Set Vol.2: RX-78-2 Gundam & Gundam Marker Set,Only 1 left in stock,[HG] High Grade
[HG] Gustav Karl (Unicorn Ver.),In stock,[HG] High Grade
[HG] Hyaku Shiki (Revive),In stock,[HG] High Grade
[HG] Impulse Gundam Lancier,Only 1 left in stock,[HG] High Grade
[HG] Infinite Justice Gundam (HGCE),In stock,[HG] High Grade
[HG] Jegan Blast Master (Blastmaster),In stock,[HG] High Grade
[HG] Jesta,In stock,[HG] High Grade
[HG] Jesta Shezarr Type – Team A,Only 1 left in stock,"[HG] High Grade, P-Bandai & Limited Ed."
[HG] Jupitive Gundam,In stock,[HG] High Grade
[HG] Kamiki Burning Gundam,Only 1 left in stock,[HG] High Grade
[HG] MS-18E Kampfer,In stock,[HG] High Grade
[HG] Lightning Gundam,In stock,[HG] High Grade
[HG] Loto Twin Set,Only 1 left in stock,[HG] High Grade
[HG] Mazinkaiser – Infinitism,In stock,[HG] High Grade
[HG] Mercurius & Vayeate (HGAC),In stock,"[HG] High Grade, P-Bandai & Limited Ed."
[HG] Mobile Bucue (Remaster – R11),Only 1 left in stock,[HG] High Grade
[HG] MS-05S Zaku I – The Origin (Char Aznable use),In stock,[HG] High Grade
[HG] MS-06 Zaku II F2 EFSF / EFF Ver.,Only 1 left in stock,[HG] High Grade
[HG] MS-06FZ Zaku II FZ (Kai),In stock,[HG] High Grade
[HG] MS-06S Char’s Zaku II (HGUC – 40th),In stock,[HG] High Grade
[HG] MS-06S Zaku II [Red Comet Ver.],In stock,[HG] High Grade
[HG] MS-07B Gouf (Revive),In stock,[HG] High Grade
[HG] MS-09 Dom / MS-09R Rick Dom,Only 1 left in stock,[HG] High Grade
[HG] MS-09F DomTropen / Dom Tropen Sand Brown,Only 1 left in stock,[HG] High Grade
[HG] MS Option Set 1 & CGS Mobile Worker,In stock,[HG] High Grade
[HG] MS Option Set 9,In stock,[HG] High Grade
[HG] MS-14S Char’s Gelgoog,In stock,[HG] High Grade
[HG] MSA-0011 EXT EX-S Gundam,In stock,[HG] High Grade
[HG] MSM-04G Juaggu Unicorn ver.,In stock,[HG] High Grade
[HG] MSM-04 Acguy,In stock,[HG] High Grade
[HG] MSM-07 ZGok / Z’Gok,Only 1 left in stock,[HG] High Grade
[HG] MSN-001A1 Delta Plus,In stock,[HG] High Grade
[HG] MSN-02 Zeong,In stock,[HG] High Grade
[HG] MSN-04 Sazabi,Only 1 left in stock,[HG] High Grade
[HG] Nepteight Unit,In stock,[HG] High Grade
[HG] Nepteight Weapons,In stock,[HG] High Grade
[HG] NZ-666 Kshatriya,In stock,[HG] High Grade
[HG] Ogre GN X,Only 1 left in stock,[HG] High Grade
[HG] Oowashi Akatsuki Gundam,In stock,[HG] High Grade
[HG] ORX-005 Gaplant TR-5 (Hrairoo),Only 1 left in stock,[HG] High Grade
[HG] Penelope,Only 1 left in stock,[HG] High Grade
[HG] Petitgguy Burning Red,Only 1 left in stock,[HG] High Grade
[HG] Raider Gundam (Remaster – R10),Only 1 left in stock,[HG] High Grade
[HG] Re:Rising Gundam,In stock,[HG] High Grade
[HG] RGM-79SP GM Sniper II,Only 1 left in stock,[HG] High Grade
[HG] RGM-96X Jesta Cannon,In stock,[HG] High Grade
[HG] Rick Dias (Quattro Custom),In stock,[HG] High Grade
[HG] RX-0 Unicorn Gundam 02 Banshee [Destroy Mode],In stock,[HG] High Grade
[HG] RX-0 Unicorn Gundam [Destroy Mode],In stock,[HG] High Grade
[HG] RX-0 Unicorn Gundam [Unicorn Mode],In stock,[HG] High Grade
[HG] RX-0[N] Unicorn 02 Banshee Norn [Destroy Mode],In stock,[HG] High Grade
[HG] RX-121-1 Gundam TR-1 [Hazel Custom],In stock,[HG] High Grade
[HG] RX-121-2 Gundam TR-1 [Hazel II],Only 1 left in stock,[HG] High Grade
[HG] RX-178 Gundam MK II AEUG (35th REVIVE),In stock,[HG] High Grade
[HG] RX-178 Gundam MK II TITANS (35th REVIVE),In stock,[HG] High Grade
[HG] RX-75 Guntank,In stock,[HG] High Grade
[HG] RX-78-02 Gundam The Origin Ver.,In stock,[HG] High Grade
[HG] RX-78-2 Gundam Revive,Only 1 left in stock,[HG] High Grade
[HG] RX-78-2 Gundam (Beyond Global),In stock,[HG] High Grade
[HG] RX-78-3 Gundam & MS-09RS Rick Dom (Char’s Custom),In stock,[HG] High Grade
[HG] RX-78GP01Fb Gundam GP01Fb Full Burnern,Only 1 left in stock,[HG] High Grade
[HG] RX-78GP02A Gundam Physalis,In stock,[HG] High Grade
[HG] RX-78GP03S Gundam GP03S,Only 1 left in stock,[HG] High Grade
[HG] RX-79[G]Ez-8 Gundam Ez8,In stock,[HG] High Grade
[HG] Saturnix Unit,In stock,[HG] High Grade
[HG] Saturnix Weapons,In stock,[HG] High Grade
[HG] Sengoku Astray Gundam,In stock,[HG] High Grade
[HG] Seraphim Gundam,In stock,[HG] High Grade
[HG] Seravee Gundam GNHW/B,In stock,[HG] High Grade
[HG] Shiranui Akatsuki Gundam,In stock,[HG] High Grade
[HG] Sinanju Stein Narrative Ver.,Only 1 left in stock,[HG] High Grade
[HG] Star Build Strike Gundam Plavsky Wing,In stock,[HG] High Grade
[HG] Strike Freedom Gundam Revive (HGCE),In stock,[HG] High Grade
[HG] Super Gundam,Only 1 left in stock,[HG] High Grade
[HG] Susanowo,In stock,[HG] High Grade
[HG] SVMS-01O Over Flag,In stock,[HG] High Grade
[HG] Tertium Arms,In stock,[HG] High Grade
[HG] Tieren Ground Type,In stock,[HG] High Grade
[HG] Transient Gundam,In stock,[HG] High Grade
[HG] Try Age Gundam (PBandai),In stock,"[HG] High Grade, P-Bandai & Limited Ed."
[HG] Try Burning Gundam,In stock,[HG] High Grade
[HG] Try Slash Blade,In stock,[HG] High Grade
[HG] Union Flag (Mass Production type),Only 1 left in stock,[HG] High Grade
[HG] Uraven Gundam,In stock,[HG] High Grade
[HG] V2 (Victory Two) Assault Buster Gundam,In stock,[HG] High Grade
[HG] Victory Two (V2) Gundam,In stock,[HG] High Grade
[HG] Wing Gundam Fenice,In stock,[HG] High Grade
[HG] Wing Gundam Zero Honoo,In stock,[HG] High Grade
[HG] Wodom Pod,In stock,[HG] High Grade
[HG] XXXG-00W0 Wing Gundam Zero (HGAC),In stock,[HG] High Grade
[HG] XXXG-01W Wing Gundam (HGAC),Only 1 left in stock,[HG] High Grade
[HG] Zaku Amazing,In stock,[HG] High Grade
[HG] Zaku Half Cannon,In stock,[HG] High Grade
[HG] Zaku I (Denim/Slender Unit),Only 1 left in stock,[HG] High Grade
[HG] Zaku II Type C-6/R6,In stock,[HG] High Grade
[HG] Zaku II Type C / Type C-5,In stock,[HG] High Grade
[HG] Zeta Plus (Unicorn ver.),In stock,[HG] High Grade
Kibana & Duraludon – Pokemon Scale World Galar (Raihan),Only 1 left in stock,Pokemon
Leaf & Pixie & Gengar – Pokemon Scale World (PBandai),In Stock,"PO, Pokemon"
[1/12] MegaMan X Zero,Only 1 left in stock,Kotobukiya
[MG] 00 Qant Full Saber (Qan[T]),Only 1 left in stock,[MG] Master Grade
[MG] 00 Raiser,In stock,[MG] Master Grade
[MG] Aile Strike Gundam Ver. RM,In stock,[MG] Master Grade
[MG] Altron Gundam EW ver. (PBandai),In stock,"[MG] Master Grade, P-Bandai & Limited Ed."
[MG] Astray Red Frame Kai,In stock,[MG] Master Grade
[MG] Blast Impulse Gundam (PBandai),In stock,"[MG] Master Grade, P-Bandai & Limited Ed."
[MG] Build Strike Gundam Full Package,In stock,[MG] Master Grade
[MG] Char ZGok / Char’s Z’Gok,Only 1 left in stock,[MG] Master Grade
[MG] XM-X1 Crossbone Gundam X1 Full Cloth,Only 1 left in stock,[MG] Master Grade
[MG] Deathscythe Hell EW Ver.,Only 1 left in stock,[MG] Master Grade
[MG] Destiny Gundam,Only 1 left in stock,[MG] Master Grade
[MG] FA78 Full Armor Gundam Thunderbolt Ver. KA,Only 1 left in stock,[MG] Master Grade
[MG] Flight Unit Expansion Set for Gundam Astray Red Frame (PBandai),In stock,"[MG] Master Grade, P-Bandai & Limited Ed."
[MG] Force Impulse Gundam,Only 1 left in stock,[MG] Master Grade
MG Force Impulse Gundam Bandai Water Decal,Only 1 left in stock,Decal
[MG] Freedom Gundam Ver. 2.0,In stock,[MG] Master Grade
[MG] Full Armor Unicorn Gundam Ver. KA,In stock,[MG] Master Grade
[MG] GM Sniper Custom,Only 1 left in stock,[MG] Master Grade
[MG] GNT-0000 00 Qan[T] (QanT / Quanta),In stock,[MG] Master Grade
[MG] God Gundam,Only 1 left in stock,[MG] Master Grade
[MG] Gouf Custom,In stock,[MG] Master Grade
[MG] Guncannon,In stock,[MG] Master Grade
[MG] Gundam Age II (2) Magnum,Only 1 left in stock,[MG] Master Grade
[MG] Gundam Astray Blue Frame type D,Only 1 left in stock,[MG] Master Grade
[MG] Gundam Astray Red Frame Flight Unit (PBandai),In stock,"[MG] Master Grade, P-Bandai & Limited Ed."
[MG] Gundam Avalanche Exia Dash,Only 1 left in stock,[MG] Master Grade
[MG] Gundam Barbatos,In stock,[MG] Master Grade
[MG] Gundam Barbatos Expansion Parts (PBandai),In stock,"[MG] Master Grade, P-Bandai & Limited Ed."
[MG] Gundam Deathscythe EW,In stock,[MG] Master Grade
[MG] Gundam Double X,Only 1 left in stock,[MG] Master Grade
[MG] Gundam Exia,Only 1 left in stock,[MG] Master Grade
[MG] Gundam Exia Ignition Mode,Only 1 left in stock,[MG] Master Grade
[MG] Gundam Exia Repair III / R3 (PBandai),In stock,"[MG] Master Grade, P-Bandai & Limited Ed., PO"
[MG] RX-78 GP01 Gundam GP01Fb Full Burnern,Only 1 left in stock,[MG] Master Grade
[MG] Gundam Heavyarms Custom EW (PBandai),In stock,"[MG] Master Grade, P-Bandai & Limited Ed."
[MG] Gundam Heavyarms EW,Only 1 left in stock,[MG] Master Grade
[MG] Gundam Kyrios,In stock,[MG] Master Grade
[MG] Gundam MK II Titans Ver 2.0,Only 1 left in stock,[MG] Master Grade
[MG] Gundam Sandrock Armadillo Unit (PBandai),In stock,"[MG] Master Grade, P-Bandai & Limited Ed."
[MG] Gundam Sandrock Custom EW ver. (PBandai),In stock,"[MG] Master Grade, P-Bandai & Limited Ed."
[MG] Gundam Sandrock EW,In stock,[MG] Master Grade
[MG] RX-93 Hi Nu Gundam Ver. KA,In stock,[MG] Master Grade
[MG] Justice Gundam,In stock,[MG] Master Grade
[MG] MS-06F Zaku II Ver. 2.0,Only 1 left in stock,[MG] Master Grade
[MG] MS-06J Zaku II Ver. 2.0,Only 1 left in stock,[MG] Master Grade
[MG] MS-06S Zaku II Ver. 2.0 (Char Aznable use),In stock,[MG] Master Grade
[MG] MSN-001A1 Delta Plus,In stock,[MG] Master Grade
[MG] MSN-06S Sinanju (OVA),Only 1 left in stock,[MG] Master Grade
[MG] Musha Gundam MK II,In stock,[MG] Master Grade
[MG] OZ-00MS Tallgeese I EW,Only 1 left in stock,[MG] Master Grade
[MG] PLAN303E Deep Striker,Only 1 left in stock,[MG] Master Grade
[MG] Providence Gundam,Only 1 left in stock,[MG] Master Grade
[MG] RGM-79SP GM Sniper II,Only 1 left in stock,[MG] Master Grade
[MG] RGM-89 Jegan,Only 1 left in stock,[MG] Master Grade
[MG] RX-0 Unicorn Gundam 02 Banshee,Only 1 left in stock,[MG] Master Grade
[MG] RX-0 Unicorn Gundam (OVA),In stock,[MG] Master Grade
[MG] RX-178 Gundam MK II ver 2.0 AEUG,Only 1 left in stock,[MG] Master Grade
[MG] RX-75 Guntank,Only 1 left in stock,[MG] Master Grade
[MG] RX-78-02 Gundam (Gundam The Origin Ver.).,Only 1 left in stock,[MG] Master Grade
[MG] RX-78-2 Gundam Ver. 1.5,In stock,[MG] Master Grade
[MG] RX-78-2 Gundam Ver. 2.0,Only 1 left in stock,[MG] Master Grade
[MG] RX-78-2 Gundam Ver.3.0,In stock,[MG] Master Grade
[MG] RX-78-2 Gundam Ver. KA,Only 1 left in stock,[MG] Master Grade
[MG] RX-78 GP03S Gundam GP03 Stamen,In stock,[MG] Master Grade
[MG] RX-79(G) Gundam Ground Type,In stock,[MG] Master Grade
[MG] RX-79[G]Ez-8 Gundam Ez8,Only 1 left in stock,[MG] Master Grade
[MG] RX-93 Nu Gundam Ver. Ka,Only 1 left in stock,[MG] Master Grade
[MG] Sazabi Ver. Ka,In stock,[MG] Master Grade
[MG] Sengoku Astray Gundam,Only 1 left in stock,[MG] Master Grade
MG Shin Musha Gundam Bandai Water Decal,In stock,Decal
[MG] Shin Musha Gundam ‘Sengoku No Jin’,In stock,[MG] Master Grade
[MG] Sinanju Stein Narrative ver.,Only 1 left in stock,[MG] Master Grade
[MG] Strike Freedom Gundam,In stock,[MG] Master Grade
[MG] Strike Gundam IWSP,In stock,[MG] Master Grade
MG Strike Noir Gundam Bandai Water Decal,Only 1 left in stock,Decal
[MG] Strike Rouge Ootori Ver. RM,Only 1 left in stock,[MG] Master Grade
[MG] Sword Impulse Gundam,Only 1 left in stock,[MG] Master Grade
[MG] Tallgeese III EW (PBandai),In stock,"[MG] Master Grade, P-Bandai & Limited Ed."
[MG] Turn A Gundam,In stock,[MG] Master Grade
[MG] Wing Gundam Zero Custom,Only 1 left in stock,[MG] Master Grade
[MG] Zeta Plus A1 Test Color,Only 1 left in stock,[MG] Master Grade
Mr. Air Super 190,In stock,Builder Kit
Mr. Hobby Acrysion N2 – Black,In stock,Paint
Mr. Hobby Acrysion N24 – Orange Yellow,In stock,Paint
Mr. Hobby Acrysion N25 – Sky Blue,In stock,Paint
Mr. Hobby Acrysion N3 – Red,In stock,Paint
Mr. Hobby Acrysion N4 – Yellow,In stock,Paint
Mr. Hobby Acrysion N5 – Blue,In stock,Paint
Mr. Hobby Acrysion N6 – Green,In stock,Paint
Mr. Hobby Acrysion N9 – Gold,In stock,Paint
Mr. Hobby Acrysion Thinner 110ml,In stock,Paint
Mr. Hobby Brush Flat No. 4,In stock,Tools
Mr. Hobby Brush Round No. 2,Only 1 left in stock,Tools
Mr. Hobby Brush Round No. 4,Only 1 left in stock,Tools
Mr. Hobby Color C3 – Red,In stock,Paint
Mr. Hobby Color C305 – Gray FS36118,In stock,Paint
Mr. Hobby Color C48 – Clear Yellow,In stock,Paint
Mr. Hobby Color C58 – Orange Yellow,Only 1 left in stock,Paint
Mr. Hobby Color C59 – Orange,In stock,Paint
Mr. Hobby Color C65 – Bright Blue,In stock,Paint
Mr. Hobby Color C66 – Bright Green,In stock,Paint
Mr. Hobby Color C67 – Purple,In stock,Paint
Mr. Hobby Color C68 – Red Madder,In stock,Paint
Mr. Hobby – Mr. Cement Deluxe,In stock,Builder Kit
Mr. Premium Top Coat Semi Gloss 88ml – B602,Only 1 left in stock,Builder Kit
Mr. Top Coat Flat 88ml – B503,In stock,Builder Kit
Mr. Top Coat Semi Gloss 88ml – B502,In stock,Builder Kit
[Nanoblock] Bulbasaur (Fushigidane) – Pokemon | Kawada,In stock,"Nanoblock, Pokemon"
[Nanoblock] Caterpie & Pokeball (Monster Ball) – Pokemon | Kawada,In stock,"Nanoblock, Pokemon"
[Nanoblock] Charmander (Hitokage) – Pokemon | Kawada,In stock,"Nanoblock, Pokemon"
[Nanoblock] Dragonite (Kairyu) – Pokemon | Kawada,Only 1 left in stock,"Nanoblock, Pokemon"
[Nanoblock] Farfetch’d (Kamonegi) – Pokemon | Kawada,Only 1 left in stock,"Nanoblock, Pokemon"
[Nanoblock] Gengar – Pokemon | Kawada,Only 1 left in stock,"Nanoblock, Pokemon"
[Nanoblock] Lapras (Laplace) – Pokemon | Kawada,Only 1 left in stock,"Nanoblock, Pokemon"
[Nanoblock] Mewtwo – Pokemon | Kawada,In stock,"Nanoblock, Pokemon"
[Nanoblock] Squirtle (Zenigame) – Pokemon | Kawada,Only 1 left in stock,"Nanoblock, Pokemon"
Nessa & Drednaw – Pokemon Scale World Galar (Rurina & Kajirigame),Only 1 left in stock,Pokemon
[One Piece] Going Merry,In stock,Non Scale
[One Piece] Red Force,Only 1 left in stock,Non Scale
[One Piece] Thousand Sunny – Land of Wano Country,Only 1 left in stock,Non Scale
[One Piece] Thousand Sunny – New World Ver.,Only 1 left in stock,Non Scale
Orga Itsuka – Official IBO Chara Key Chain,Only 1 left in stock,Collectibles
[PG] Gundam Exia – Regular Edition / Non LED,Only 1 left in stock,[PG] Perfect Grade
Pokemon Scale World – Galar Region 2 Complete Set,In stock,Collectibles
Pokemon Scale World – Galar Region Complete Set,In stock,Pokemon
Pokemon Scale World – Hoenn Region Complete Set,In stock,"PO, Pokemon"
[PokePla] Charizard vs Dragonite – Pokemon Plamo Collection Select Series No. 43,Only 1 left in stock,Pokemon
[PokePla] Gengar – Pokemon Plamo Collection Select Series No. 45,Only 1 left in stock,Pokemon
[PokePla] Rayquaza – Pokemon Plamo Collection Select Series no. 46,In stock,Pokemon
[PokePla] Riolu & Lucario – Pokemon Plamo Collection Select Series No. 44,In stock,Pokemon
[PokePla] Solgaleo – Pokemon Plamo Collection Select Series No. 39,Only 1 left in stock,Pokemon
[RE1/100] Type 89 Base Jabber (Unicorn Ver.),Only 1 left in stock,"[1/100] No Grade & RE, Non Scale, P-Bandai & Limited Ed."
[RG] 00 Raiser,Only 1 left in stock,[RG] Real Grade
[RG] Aile Strike Gundam,In stock,[RG] Real Grade
[RG] Build Strike Gundam Full Package,In stock,[RG] Real Grade
[RG] EVA Unit 02 – Evangelion,Only 1 left in stock,[RG] Real Grade
[RG] FA-93HWS Nu Gundam HWS,Only 1 left in stock,"[RG] Real Grade, P-Bandai & Limited Ed."
[RG] Force Impulse Gundam,In stock,[RG] Real Grade
[RG] Freedom Gundam,In stock,[RG] Real Grade
[RG] GNT-0000 00 Qan[T] (QanT / Quanta),Only 1 left in stock,[RG] Real Grade
[RG] Gundam Astray Gold Frame Amatsu Mina,In stock,[RG] Real Grade
[RG] Gundam Astray Red Frame,In stock,[RG] Real Grade
RG Gundam Astray Red Frame Bandai Water Decal,Only 1 left in stock,Decal
[RG] Gundam Exia,In stock,[RG] Real Grade
[RG] Justice Gundam,In stock,[RG] Real Grade
[RG] MSN-02 Zeong,In Stock,"[RG] Real Grade, PO"
[RG] MSN-02 Zeong – Last Shooting Effect set,In Stock,[RG] Real Grade
[RG] MSN-04 Sazabi,In stock,[RG] Real Grade
[RG] OZ-00MS Tallgeese EW,In stock,[RG] Real Grade
[RG] RX-178 Gundam MK II AEUG,In stock,[RG] Real Grade
[RG] RX-178 Gundam MK II TITANS,In stock,[RG] Real Grade
[RG] RX-78-2 Gundam,In stock,[RG] Real Grade
[RG] RX-78GP01 Gundam GP01 Zephyranthes,In stock,[RG] Real Grade
[RG] RX-78GP01Fb Gundam GP01 Full Burnern,In stock,[RG] Real Grade
[RG] RX-93 Nu Gundam,In stock,[RG] Real Grade
[RG] Strike Freedom Gundam,In stock,[RG] Real Grade
[RG] Wing Gundam – TV ver.,In stock,"[RG] Real Grade, PO"
[RG] Wing Gundam Zero EW,Only 1 left in stock,[RG] Real Grade
Sceptile – Pokemon Scale World Hoenn (Jukain),In stock,"PO, Pokemon"
[SD] Cross Silhouette Frame Red (SDCS),In stock,[SD] Super Deformed
[SD] Guncannon (BB225),Only 1 left in stock,[SD] Super Deformed
[SD] Gundam Astray Gold Frame (BB),In stock,[SD] Super Deformed
[SD] Gundam Astray Red Frame (BB),In stock,[SD] Super Deformed
[SD] Gundam Barbatos Lupus Rex (SDCS),In stock,[SD] Super Deformed
[SD] Hi Nu Gundam (BB384),Only 1 left in stock,[SD] Super Deformed
[SD] Lightning Gundam,In stock,[SD] Super Deformed
[SD] MSN-04 Sazabi (EX Standard),In stock,[SD] Super Deformed
[SD] RX-0 Unicorn Gundam (SDCS),In stock,[SD] Super Deformed
[SD] RX-78-2 Gundam & Cross Silhouette Frame Set (SDCS),In stock,[SD] Super Deformed
[SD] RX-93 Nu Gundam,In stock,[SD] Super Deformed
[SD] RX-93 Nu Gundam (EX Standard),In stock,[SD] Super Deformed
[SD] Sazabi,In stock,[SD] Super Deformed
[SD] Star Winning Gundam,In stock,[SD] Super Deformed
[SD] Valkylander,Only 1 left in stock,[SD] Super Deformed
[SDCS] Freedom Gundam,Only 1 left in stock,[SD] Super Deformed
[SD] Gundam 00 Diver Ace (SDCS),In stock,[SD] Super Deformed
Swampert – Pokemon Scale World Hoenn (Laglarge),In Stock,"PO, Pokemon"
"Sylph Company Set: Giovanni, Lapras, Nidoqueen, Porygon – Pokemon Scale World (PBandai)",In Stock,"PO, Pokemon"
System Base 001 – White Color,In stock,Action Base & Misc.
Tamiya Design Knife Replacement Blade – 30pcs,In stock,Tools
Tamiya Enamel Thinner X20 – 250ml,In stock,Builder Kit
Tamiya Extra Thin Cement – Quick Setting,Only 1 left in stock,Builder Kit
Tamiya Limonene Cement,In stock,Builder Kit
Tamiya Modeler’s Knife w/ 25pcs Spare Blade,In stock,Tools
Tamiya Modeler’s Knife Replacement Blade – 25pcs,In stock,Tools
Tamiya Panel Line Accent Color – Black,In stock,Builder Kit
Tamiya Panel Line Accent Color – Brown,In stock,Builder Kit
Tamiya Panel Line Accent Color – Dark Brown,In stock,Builder Kit
Tamiya Panel Line Accent Color – Gray,In stock,Builder Kit
Tamiya Panel Line Accent Color – Light Gray,In stock,Builder Kit
Wave File Stick 1000 (Soft) – 3pcs – HT614,In stock,Tools
Wave File Stick 1200 (Hard) – 10pcs,Only 1 left in stock,Tools
Wave File Stick 1200 (Soft) – 3pcs – HT615,In stock,Tools
Wave File Stick 400 (Soft) – 3pcs – HT611,Only 1 left in stock,Tools
Wave File Stick 600 (Soft) – 3pcs – HT612,In stock,Tools
